{
    "x": 6.706242084503174,
    "y": 2.736133337020874,
    "z": 0.0
}