{
    "x": -0.5446692705154419,
    "y": 5.0509796142578129,
    "z": 0.0
}