{
    "x": -6.059446811676025,
    "y": -0.7361334562301636,
    "z": 0.0
}